{
    "info": {
        "year": "2022",
        "version": "1",
        "description": "Exported from roboflow.ai",
        "contributor": "",
        "url": "https://public.roboflow.ai/object-detection/undefined",
        "date_created": "2022-08-23T09:36:56+00:00"
    },
    "licenses": [
        {
            "id": 1,
            "url": "https://creativecommons.org/licenses/by/4.0/",
            "name": "CC BY 4.0"
        }
    ],
    "categories": [
        {
            "id": 0,
            "name": "balloon",
            "supercategory": "none"
        },
        {
            "id": 1,
            "name": "balloon",
            "supercategory": "balloon"
        }
    ],
    "images": [
        {
            "id": 0,
            "license": 1,
            "file_name": "2385899600_94b68350af_b_jpg.rf.07c95902890f96d6c521b372548956b8.jpg",
            "height": 416,
            "width": 416,
            "date_captured": "2022-08-23T09:36:56+00:00"
        },
        {
            "id": 1,
            "license": 1,
            "file_name": "18849792632_aad23ad513_k_jpg.rf.1d732499d34e8190aed5a7cabc46210f.jpg",
            "height": 416,
            "width": 416,
            "date_captured": "2022-08-23T09:36:56+00:00"
        },
        {
            "id": 2,
            "license": 1,
            "file_name": "14666848163_8be8e37562_k_jpg.rf.0b34b472887a02ce894a77cc537d7026.jpg",
            "height": 416,
            "width": 416,
            "date_captured": "2022-08-23T09:36:56+00:00"
        },
        {
            "id": 3,
            "license": 1,
            "file_name": "8758393087_76fcd56bd3_k_jpg.rf.6eb65e33e230e7ad2723aaa0e3abc822.jpg",
            "height": 416,
            "width": 416,
            "date_captured": "2022-08-23T09:36:56+00:00"
        },
        {
            "id": 4,
            "license": 1,
            "file_name": "873768102_7d931e5fa3_b_jpg.rf.181d7271311b60ed104db70a21170be8.jpg",
            "height": 416,
            "width": 416,
            "date_captured": "2022-08-23T09:36:56+00:00"
        },
        {
            "id": 5,
            "license": 1,
            "file_name": "145053828_e0e748717c_b_jpg.rf.1cfdcbed5e501c2f9554772399f0f293.jpg",
            "height": 416,
            "width": 416,
            "date_captured": "2022-08-23T09:36:56+00:00"
        },
        {
            "id": 6,
            "license": 1,
            "file_name": "154446334_5d41cd1375_b_jpg.rf.4db100a0f77f56a2c3bc5df8039b37c6.jpg",
            "height": 416,
            "width": 416,
            "date_captured": "2022-08-23T09:36:56+00:00"
        },
        {
            "id": 7,
            "license": 1,
            "file_name": "2937599387_80e7d6e050_b_jpg.rf.75a2f7cb4b9ed1001c97b22c31b7b15a.jpg",
            "height": 416,
            "width": 416,
            "date_captured": "2022-08-23T09:36:56+00:00"
        },
        {
            "id": 8,
            "license": 1,
            "file_name": "53500107_d24b11b3c2_b_jpg.rf.6a78865b012c624e6caf705776d7b6b8.jpg",
            "height": 416,
            "width": 416,
            "date_captured": "2022-08-23T09:36:56+00:00"
        },
        {
            "id": 9,
            "license": 1,
            "file_name": "16435593892_2aa8118f4a_k_jpg.rf.39e9da364b7fe4f5a3955ebc56f4dc58.jpg",
            "height": 416,
            "width": 416,
            "date_captured": "2022-08-23T09:36:56+00:00"
        },
        {
            "id": 10,
            "license": 1,
            "file_name": "12288355124_5e340d3de3_k_jpg.rf.7503904342507f2a236705e39c3102ac.jpg",
            "height": 416,
            "width": 416,
            "date_captured": "2022-08-23T09:36:56+00:00"
        },
        {
            "id": 11,
            "license": 1,
            "file_name": "3927754171_9011487133_b_jpg.rf.4dba40316d5227810a9f73a6c7f2e992.jpg",
            "height": 416,
            "width": 416,
            "date_captured": "2022-08-23T09:36:56+00:00"
        },
        {
            "id": 12,
            "license": 1,
            "file_name": "2354829160_3f65a6bf6f_b_jpg.rf.04bfde8a7bb50cc27bcf7d6814417aab.jpg",
            "height": 416,
            "width": 416,
            "date_captured": "2022-08-23T09:36:56+00:00"
        },
        {
            "id": 13,
            "license": 1,
            "file_name": "15290896925_884ab33fd3_k_jpg.rf.17da44adcdec46fba79a4785f0916dc6.jpg",
            "height": 416,
            "width": 416,
            "date_captured": "2022-08-23T09:36:56+00:00"
        },
        {
            "id": 14,
            "license": 1,
            "file_name": "17178818589_16e58fc1e5_k_jpg.rf.79a9121005201837475787da4bbc97a5.jpg",
            "height": 416,
            "width": 416,
            "date_captured": "2022-08-23T09:36:56+00:00"
        },
        {
            "id": 15,
            "license": 1,
            "file_name": "4552737035_3a0a4105fb_b_jpg.rf.36ab5b26ef82d1fd4ec8efe34ebc4608.jpg",
            "height": 416,
            "width": 416,
            "date_captured": "2022-08-23T09:36:56+00:00"
        },
        {
            "id": 16,
            "license": 1,
            "file_name": "14321263043_b76ef054d3_k_jpg.rf.5b0867e2fac41a1d5e21bb75ea4a3a05.jpg",
            "height": 416,
            "width": 416,
            "date_captured": "2022-08-23T09:36:56+00:00"
        },
        {
            "id": 17,
            "license": 1,
            "file_name": "24362039530_b151b41a52_k_jpg.rf.2a7cda8bd86ff6e9fef4998a7edbd9e3.jpg",
            "height": 416,
            "width": 416,
            "date_captured": "2022-08-23T09:36:56+00:00"
        },
        {
            "id": 18,
            "license": 1,
            "file_name": "5253122239_38b1e7f61c_b_jpg.rf.4775e501d74f8a922989f5a546114afd.jpg",
            "height": 416,
            "width": 416,
            "date_captured": "2022-08-23T09:36:56+00:00"
        },
        {
            "id": 19,
            "license": 1,
            "file_name": "4057490235_2ffdf7d68b_b_jpg.rf.a7c7669af17bfa4ebce6e4eafed27678.jpg",
            "height": 416,
            "width": 416,
            "date_captured": "2022-08-23T09:36:56+00:00"
        },
        {
            "id": 20,
            "license": 1,
            "file_name": "7308740338_591f27b631_k_jpg.rf.2aaf44901b1f1e0697e2b2c81b60defa.jpg",
            "height": 416,
            "width": 416,
            "date_captured": "2022-08-23T09:36:56+00:00"
        },
        {
            "id": 21,
            "license": 1,
            "file_name": "351678851_e2aeebdafd_b_jpg.rf.9853e15f3f64d62793714cc709d62c79.jpg",
            "height": 416,
            "width": 416,
            "date_captured": "2022-08-23T09:36:56+00:00"
        },
        {
            "id": 22,
            "license": 1,
            "file_name": "4864857993_edb62f16ef_b_jpg.rf.b55e3988d697e8131d6f71d1af604988.jpg",
            "height": 416,
            "width": 416,
            "date_captured": "2022-08-23T09:36:56+00:00"
        },
        {
            "id": 23,
            "license": 1,
            "file_name": "4955354786_337a598e4a_b_jpg.rf.e24cd3979e50dc5a69d068cddbd865d5.jpg",
            "height": 416,
            "width": 416,
            "date_captured": "2022-08-23T09:36:56+00:00"
        },
        {
            "id": 24,
            "license": 1,
            "file_name": "7178882742_f090f3ce56_k_jpg.rf.78fe8393760e304ba896e8373f51313b.jpg",
            "height": 416,
            "width": 416,
            "date_captured": "2022-08-23T09:36:56+00:00"
        },
        {
            "id": 25,
            "license": 1,
            "file_name": "5560377994_cb597a4af5_b_jpg.rf.cf17ca565c7717fc6da1a01461c13c55.jpg",
            "height": 416,
            "width": 416,
            "date_captured": "2022-08-23T09:36:56+00:00"
        },
        {
            "id": 26,
            "license": 1,
            "file_name": "120853323_d4788431b9_b_jpg.rf.8c6a4b401999989610be188a85490bbf.jpg",
            "height": 416,
            "width": 416,
            "date_captured": "2022-08-23T09:36:56+00:00"
        },
        {
            "id": 27,
            "license": 1,
            "file_name": "8436015314_3a678c1005_k_jpg.rf.9112ae54c27c1d130c83f126ae04e005.jpg",
            "height": 416,
            "width": 416,
            "date_captured": "2022-08-23T09:36:56+00:00"
        },
        {
            "id": 28,
            "license": 1,
            "file_name": "25899693952_7c8b8b9edc_k_jpg.rf.f0db2c082328288300e52156b2fd8fa8.jpg",
            "height": 416,
            "width": 416,
            "date_captured": "2022-08-23T09:36:56+00:00"
        },
        {
            "id": 29,
            "license": 1,
            "file_name": "3342804367_f43682bb80_b_jpg.rf.999f20aebc8e2c10125a37937a08a25e.jpg",
            "height": 416,
            "width": 416,
            "date_captured": "2022-08-23T09:36:56+00:00"
        },
        {
            "id": 30,
            "license": 1,
            "file_name": "5674044810_2d9e2243ff_b_jpg.rf.ca828dc7bd53da6ae038c6c37c68c4e5.jpg",
            "height": 416,
            "width": 416,
            "date_captured": "2022-08-23T09:36:56+00:00"
        },
        {
            "id": 31,
            "license": 1,
            "file_name": "3646097131_e3e1215843_b_jpg.rf.fabadb610747501143f10d9f96086a06.jpg",
            "height": 416,
            "width": 416,
            "date_captured": "2022-08-23T09:36:56+00:00"
        },
        {
            "id": 32,
            "license": 1,
            "file_name": "2685563244_b0d5f7eb67_b_jpg.rf.dc3549af605ed51f3e0ca955758bd498.jpg",
            "height": 416,
            "width": 416,
            "date_captured": "2022-08-23T09:36:56+00:00"
        },
        {
            "id": 33,
            "license": 1,
            "file_name": "605521662_a470fef77f_b_jpg.rf.e52fb9b46ada3a323ef4dc06d8080f96.jpg",
            "height": 416,
            "width": 416,
            "date_captured": "2022-08-23T09:36:56+00:00"
        },
        {
            "id": 34,
            "license": 1,
            "file_name": "3945575930_ce99a7e98d_b_jpg.rf.b68732f16635654e426363a1001d52f5.jpg",
            "height": 416,
            "width": 416,
            "date_captured": "2022-08-23T09:36:56+00:00"
        },
        {
            "id": 35,
            "license": 1,
            "file_name": "10464445726_6f1e3bbe6a_k_jpg.rf.9b00fcccf44019f663c24ce94f72a490.jpg",
            "height": 416,
            "width": 416,
            "date_captured": "2022-08-23T09:36:56+00:00"
        },
        {
            "id": 36,
            "license": 1,
            "file_name": "7488015492_0583857ca0_k_jpg.rf.d8c2dfaec75a67609483533b207ead08.jpg",
            "height": 416,
            "width": 416,
            "date_captured": "2022-08-23T09:36:56+00:00"
        },
        {
            "id": 37,
            "license": 1,
            "file_name": "155815494_800fc9aa32_b_jpg.rf.e752fc3d953af6af840d94777651474e.jpg",
            "height": 416,
            "width": 416,
            "date_captured": "2022-08-23T09:36:56+00:00"
        },
        {
            "id": 38,
            "license": 1,
            "file_name": "332344155_71be3a3b22_b_jpg.rf.fc85b932eaf5291acff84587fbfdadbe.jpg",
            "height": 416,
            "width": 416,
            "date_captured": "2022-08-23T09:36:56+00:00"
        },
        {
            "id": 39,
            "license": 1,
            "file_name": "5013250607_26359229b6_b_jpg.rf.ec18f6b72f893b9039565bd0a08eb0e7.jpg",
            "height": 416,
            "width": 416,
            "date_captured": "2022-08-23T09:36:56+00:00"
        },
        {
            "id": 40,
            "license": 1,
            "file_name": "9210739293_2b0e0d991e_k_jpg.rf.dd33d5cc2588e3e80aa7519ff715aaf3.jpg",
            "height": 416,
            "width": 416,
            "date_captured": "2022-08-23T09:36:56+00:00"
        },
        {
            "id": 41,
            "license": 1,
            "file_name": "12288446656_2c6a90e6f5_k_jpg.rf.c489e4cd13bcec62c90abd839e553103.jpg",
            "height": 416,
            "width": 416,
            "date_captured": "2022-08-23T09:36:56+00:00"
        }
    ],
    "annotations": [
        {
            "id": 0,
            "image_id": 0,
            "category_id": 1,
            "bbox": [
                163,
                29,
                241.5,
                386.5
            ],
            "area": 93339.75,
            "segmentation": [],
            "iscrowd": 0
        },
        {
            "id": 1,
            "image_id": 1,
            "category_id": 1,
            "bbox": [
                140,
                72,
                101.5,
                95.5
            ],
            "area": 9693.25,
            "segmentation": [],
            "iscrowd": 0
        },
        {
            "id": 2,
            "image_id": 1,
            "category_id": 1,
            "bbox": [
                151,
                163,
                97,
                91
            ],
            "area": 8827,
            "segmentation": [],
            "iscrowd": 0
        },
        {
            "id": 3,
            "image_id": 1,
            "category_id": 1,
            "bbox": [
                219,
                124,
                98.5,
                88.5
            ],
            "area": 8717.25,
            "segmentation": [],
            "iscrowd": 0
        },
        {
            "id": 4,
            "image_id": 1,
            "category_id": 1,
            "bbox": [
                209,
                93,
                66.5,
                70
            ],
            "area": 4655,
            "segmentation": [],
            "iscrowd": 0
        },
        {
            "id": 5,
            "image_id": 1,
            "category_id": 1,
            "bbox": [
                123,
                105,
                62,
                63.5
            ],
            "area": 3937,
            "segmentation": [],
            "iscrowd": 0
        },
        {
            "id": 6,
            "image_id": 1,
            "category_id": 1,
            "bbox": [
                80,
                126,
                95.5,
                89.5
            ],
            "area": 8547.25,
            "segmentation": [],
            "iscrowd": 0
        },
        {
            "id": 7,
            "image_id": 1,
            "category_id": 1,
            "bbox": [
                217,
                200,
                91,
                83.5
            ],
            "area": 7598.5,
            "segmentation": [],
            "iscrowd": 0
        },
        {
            "id": 8,
            "image_id": 1,
            "category_id": 1,
            "bbox": [
                96,
                188,
                66,
                44.5
            ],
            "area": 2937,
            "segmentation": [],
            "iscrowd": 0
        },
        {
            "id": 9,
            "image_id": 1,
            "category_id": 1,
            "bbox": [
                101,
                225,
                96,
                82.5
            ],
            "area": 7920,
            "segmentation": [],
            "iscrowd": 0
        },
        {
            "id": 10,
            "image_id": 1,
            "category_id": 1,
            "bbox": [
                166,
                248,
                60,
                72
            ],
            "area": 4320,
            "segmentation": [],
            "iscrowd": 0
        },
        {
            "id": 11,
            "image_id": 2,
            "category_id": 1,
            "bbox": [
                108,
                49,
                83,
                67.5
            ],
            "area": 5602.5,
            "segmentation": [],
            "iscrowd": 0
        },
        {
            "id": 12,
            "image_id": 2,
            "category_id": 1,
            "bbox": [
                51,
                86,
                103,
                55.5
            ],
            "area": 5716.5,
            "segmentation": [],
            "iscrowd": 0
        },
        {
            "id": 13,
            "image_id": 2,
            "category_id": 1,
            "bbox": [
                129,
                92,
                60,
                46.5
            ],
            "area": 2790,
            "segmentation": [],
            "iscrowd": 0
        },
        {
            "id": 14,
            "image_id": 3,
            "category_id": 1,
            "bbox": [
                156,
                51,
                130.5,
                180.5
            ],
            "area": 23555.25,
            "segmentation": [],
            "iscrowd": 0
        },
        {
            "id": 15,
            "image_id": 3,
            "category_id": 1,
            "bbox": [
                257,
                31,
                101.5,
                184.5
            ],
            "area": 18726.75,
            "segmentation": [],
            "iscrowd": 0
        },
        {
            "id": 16,
            "image_id": 3,
            "category_id": 1,
            "bbox": [
                368,
                18,
                48,
                198
            ],
            "area": 9504,
            "segmentation": [],
            "iscrowd": 0
        },
        {
            "id": 17,
            "image_id": 3,
            "category_id": 1,
            "bbox": [
                309,
                183,
                106.5,
                139
            ],
            "area": 14803.5,
            "segmentation": [],
            "iscrowd": 0
        },
        {
            "id": 18,
            "image_id": 3,
            "category_id": 1,
            "bbox": [
                314,
                258,
                101.5,
                158
            ],
            "area": 16037,
            "segmentation": [],
            "iscrowd": 0
        },
        {
            "id": 19,
            "image_id": 4,
            "category_id": 1,
            "bbox": [
                217,
                4,
                48.5,
                61
            ],
            "area": 2958.5,
            "segmentation": [],
            "iscrowd": 0
        },
        {
            "id": 20,
            "image_id": 5,
            "category_id": 1,
            "bbox": [
                192,
                107,
                53,
                61.5
            ],
            "area": 3259.5,
            "segmentation": [],
            "iscrowd": 0
        },
        {
            "id": 21,
            "image_id": 5,
            "category_id": 1,
            "bbox": [
                179,
                135,
                48,
                62.5
            ],
            "area": 3000,
            "segmentation": [],
            "iscrowd": 0
        },
        {
            "id": 22,
            "image_id": 5,
            "category_id": 1,
            "bbox": [
                146,
                77,
                57,
                76.5
            ],
            "area": 4360.5,
            "segmentation": [],
            "iscrowd": 0
        },
        {
            "id": 23,
            "image_id": 5,
            "category_id": 1,
            "bbox": [
                165,
                179,
                33.5,
                53
            ],
            "area": 1775.5,
            "segmentation": [],
            "iscrowd": 0
        },
        {
            "id": 24,
            "image_id": 5,
            "category_id": 1,
            "bbox": [
                112,
                160,
                58,
                83
            ],
            "area": 4814,
            "segmentation": [],
            "iscrowd": 0
        },
        {
            "id": 25,
            "image_id": 5,
            "category_id": 1,
            "bbox": [
                139,
                148,
                44,
                70
            ],
            "area": 3080,
            "segmentation": [],
            "iscrowd": 0
        },
        {
            "id": 26,
            "image_id": 5,
            "category_id": 1,
            "bbox": [
                95,
                96,
                59,
                79
            ],
            "area": 4661,
            "segmentation": [],
            "iscrowd": 0
        },
        {
            "id": 27,
            "image_id": 5,
            "category_id": 1,
            "bbox": [
                57,
                139,
                62,
                60
            ],
            "area": 3720,
            "segmentation": [],
            "iscrowd": 0
        },
        {
            "id": 28,
            "image_id": 5,
            "category_id": 1,
            "bbox": [
                56,
                34,
                73.5,
                117.5
            ],
            "area": 8636.25,
            "segmentation": [],
            "iscrowd": 0
        },
        {
            "id": 29,
            "image_id": 5,
            "category_id": 1,
            "bbox": [
                0,
                14,
                68.5,
                117.5
            ],
            "area": 8048.75,
            "segmentation": [],
            "iscrowd": 0
        },
        {
            "id": 30,
            "image_id": 6,
            "category_id": 1,
            "bbox": [
                191,
                71,
                43,
                62.5
            ],
            "area": 2687.5,
            "segmentation": [],
            "iscrowd": 0
        },
        {
            "id": 31,
            "image_id": 6,
            "category_id": 1,
            "bbox": [
                240,
                75,
                34.5,
                56.5
            ],
            "area": 1949.25,
            "segmentation": [],
            "iscrowd": 0
        },
        {
            "id": 32,
            "image_id": 6,
            "category_id": 1,
            "bbox": [
                241,
                0,
                28.5,
                26
            ],
            "area": 741,
            "segmentation": [],
            "iscrowd": 0
        },
        {
            "id": 33,
            "image_id": 6,
            "category_id": 1,
            "bbox": [
                153,
                39,
                35,
                49
            ],
            "area": 1715,
            "segmentation": [],
            "iscrowd": 0
        },
        {
            "id": 34,
            "image_id": 6,
            "category_id": 1,
            "bbox": [
                131,
                0,
                31.5,
                23
            ],
            "area": 724.5,
            "segmentation": [],
            "iscrowd": 0
        },
        {
            "id": 35,
            "image_id": 6,
            "category_id": 1,
            "bbox": [
                96,
                0,
                37,
                32
            ],
            "area": 1184,
            "segmentation": [],
            "iscrowd": 0
        },
        {
            "id": 36,
            "image_id": 6,
            "category_id": 1,
            "bbox": [
                19,
                24,
                22.5,
                28
            ],
            "area": 630,
            "segmentation": [],
            "iscrowd": 0
        },
        {
            "id": 37,
            "image_id": 6,
            "category_id": 1,
            "bbox": [
                30,
                34,
                20.5,
                25
            ],
            "area": 512.5,
            "segmentation": [],
            "iscrowd": 0
        },
        {
            "id": 38,
            "image_id": 6,
            "category_id": 1,
            "bbox": [
                0,
                57,
                16,
                41
            ],
            "area": 656,
            "segmentation": [],
            "iscrowd": 0
        },
        {
            "id": 39,
            "image_id": 7,
            "category_id": 1,
            "bbox": [
                208,
                155,
                23.5,
                46
            ],
            "area": 1081,
            "segmentation": [],
            "iscrowd": 0
        },
        {
            "id": 40,
            "image_id": 8,
            "category_id": 1,
            "bbox": [
                249,
                189,
                55.5,
                82
            ],
            "area": 4551,
            "segmentation": [],
            "iscrowd": 0
        },
        {
            "id": 41,
            "image_id": 9,
            "category_id": 1,
            "bbox": [
                234,
                32,
                160,
                153
            ],
            "area": 24480,
            "segmentation": [],
            "iscrowd": 0
        },
        {
            "id": 42,
            "image_id": 10,
            "category_id": 1,
            "bbox": [
                189,
                135,
                35,
                54.5
            ],
            "area": 1907.5,
            "segmentation": [],
            "iscrowd": 0
        },
        {
            "id": 43,
            "image_id": 10,
            "category_id": 1,
            "bbox": [
                219,
                134,
                31.5,
                49.5
            ],
            "area": 1559.25,
            "segmentation": [],
            "iscrowd": 0
        },
        {
            "id": 44,
            "image_id": 11,
            "category_id": 1,
            "bbox": [
                124,
                72,
                94,
                150.5
            ],
            "area": 14147,
            "segmentation": [],
            "iscrowd": 0
        },
        {
            "id": 45,
            "image_id": 11,
            "category_id": 1,
            "bbox": [
                222,
                100,
                97.5,
                159.5
            ],
            "area": 15551.25,
            "segmentation": [],
            "iscrowd": 0
        },
        {
            "id": 46,
            "image_id": 12,
            "category_id": 1,
            "bbox": [
                362,
                110,
                53.5,
                132.5
            ],
            "area": 7088.75,
            "segmentation": [],
            "iscrowd": 0
        },
        {
            "id": 47,
            "image_id": 12,
            "category_id": 1,
            "bbox": [
                394,
                200,
                21.5,
                125
            ],
            "area": 2687.5,
            "segmentation": [],
            "iscrowd": 0
        },
        {
            "id": 48,
            "image_id": 13,
            "category_id": 1,
            "bbox": [
                200,
                15,
                39.5,
                79
            ],
            "area": 3120.5,
            "segmentation": [],
            "iscrowd": 0
        },
        {
            "id": 49,
            "image_id": 13,
            "category_id": 1,
            "bbox": [
                241,
                11,
                50.5,
                66
            ],
            "area": 3333,
            "segmentation": [],
            "iscrowd": 0
        },
        {
            "id": 50,
            "image_id": 13,
            "category_id": 1,
            "bbox": [
                222,
                56,
                47,
                63
            ],
            "area": 2961,
            "segmentation": [],
            "iscrowd": 0
        },
        {
            "id": 51,
            "image_id": 14,
            "category_id": 1,
            "bbox": [
                152,
                52,
                138.5,
                245.5
            ],
            "area": 34001.75,
            "segmentation": [],
            "iscrowd": 0
        },
        {
            "id": 52,
            "image_id": 14,
            "category_id": 1,
            "bbox": [
                80,
                122,
                68,
                116
            ],
            "area": 7888,
            "segmentation": [],
            "iscrowd": 0
        },
        {
            "id": 53,
            "image_id": 14,
            "category_id": 1,
            "bbox": [
                39,
                250,
                74,
                126
            ],
            "area": 9324,
            "segmentation": [],
            "iscrowd": 0
        },
        {
            "id": 54,
            "image_id": 14,
            "category_id": 1,
            "bbox": [
                97,
                217,
                70,
                113
            ],
            "area": 7910,
            "segmentation": [],
            "iscrowd": 0
        },
        {
            "id": 55,
            "image_id": 14,
            "category_id": 1,
            "bbox": [
                257,
                108,
                87.5,
                181
            ],
            "area": 15837.5,
            "segmentation": [],
            "iscrowd": 0
        },
        {
            "id": 56,
            "image_id": 14,
            "category_id": 1,
            "bbox": [
                206,
                12,
                119,
                208.5
            ],
            "area": 24811.5,
            "segmentation": [],
            "iscrowd": 0
        },
        {
            "id": 57,
            "image_id": 14,
            "category_id": 1,
            "bbox": [
                315,
                129,
                73.5,
                146
            ],
            "area": 10731,
            "segmentation": [],
            "iscrowd": 0
        },
        {
            "id": 58,
            "image_id": 15,
            "category_id": 1,
            "bbox": [
                118,
                138,
                38.5,
                66.5
            ],
            "area": 2560.25,
            "segmentation": [],
            "iscrowd": 0
        },
        {
            "id": 59,
            "image_id": 16,
            "category_id": 1,
            "bbox": [
                116,
                0,
                59.5,
                95
            ],
            "area": 5652.5,
            "segmentation": [],
            "iscrowd": 0
        },
        {
            "id": 60,
            "image_id": 17,
            "category_id": 1,
            "bbox": [
                157,
                95,
                96,
                90
            ],
            "area": 8640,
            "segmentation": [],
            "iscrowd": 0
        },
        {
            "id": 61,
            "image_id": 18,
            "category_id": 1,
            "bbox": [
                77,
                0,
                89,
                135
            ],
            "area": 12015,
            "segmentation": [],
            "iscrowd": 0
        },
        {
            "id": 62,
            "image_id": 18,
            "category_id": 1,
            "bbox": [
                30,
                14,
                83,
                126.5
            ],
            "area": 10499.5,
            "segmentation": [],
            "iscrowd": 0
        },
        {
            "id": 63,
            "image_id": 18,
            "category_id": 1,
            "bbox": [
                193,
                0,
                42,
                44
            ],
            "area": 1848,
            "segmentation": [],
            "iscrowd": 0
        },
        {
            "id": 64,
            "image_id": 18,
            "category_id": 1,
            "bbox": [
                172,
                0,
                28,
                44
            ],
            "area": 1232,
            "segmentation": [],
            "iscrowd": 0
        },
        {
            "id": 65,
            "image_id": 19,
            "category_id": 1,
            "bbox": [
                170,
                187,
                81,
                66
            ],
            "area": 5346,
            "segmentation": [],
            "iscrowd": 0
        },
        {
            "id": 66,
            "image_id": 19,
            "category_id": 1,
            "bbox": [
                208,
                256,
                96,
                79.5
            ],
            "area": 7632,
            "segmentation": [],
            "iscrowd": 0
        },
        {
            "id": 67,
            "image_id": 19,
            "category_id": 1,
            "bbox": [
                146,
                288,
                105,
                83.5
            ],
            "area": 8767.5,
            "segmentation": [],
            "iscrowd": 0
        },
        {
            "id": 68,
            "image_id": 20,
            "category_id": 1,
            "bbox": [
                215,
                202,
                88.5,
                94
            ],
            "area": 8319,
            "segmentation": [],
            "iscrowd": 0
        },
        {
            "id": 69,
            "image_id": 21,
            "category_id": 1,
            "bbox": [
                143,
                17,
                193,
                154.5
            ],
            "area": 29818.5,
            "segmentation": [],
            "iscrowd": 0
        },
        {
            "id": 70,
            "image_id": 21,
            "category_id": 1,
            "bbox": [
                0,
                108,
                127,
                123
            ],
            "area": 15621,
            "segmentation": [],
            "iscrowd": 0
        },
        {
            "id": 71,
            "image_id": 21,
            "category_id": 1,
            "bbox": [
                0,
                0,
                98,
                123.5
            ],
            "area": 12103,
            "segmentation": [],
            "iscrowd": 0
        },
        {
            "id": 72,
            "image_id": 21,
            "category_id": 1,
            "bbox": [
                78,
                187,
                174,
                120.5
            ],
            "area": 20967,
            "segmentation": [],
            "iscrowd": 0
        },
        {
            "id": 73,
            "image_id": 21,
            "category_id": 1,
            "bbox": [
                197,
                148,
                168,
                107.5
            ],
            "area": 18060,
            "segmentation": [],
            "iscrowd": 0
        },
        {
            "id": 74,
            "image_id": 21,
            "category_id": 1,
            "bbox": [
                147,
                251,
                162.5,
                103
            ],
            "area": 16737.5,
            "segmentation": [],
            "iscrowd": 0
        },
        {
            "id": 75,
            "image_id": 21,
            "category_id": 1,
            "bbox": [
                32,
                295,
                150,
                106.5
            ],
            "area": 15975,
            "segmentation": [],
            "iscrowd": 0
        },
        {
            "id": 76,
            "image_id": 21,
            "category_id": 1,
            "bbox": [
                0,
                220,
                98.5,
                123.5
            ],
            "area": 12164.75,
            "segmentation": [],
            "iscrowd": 0
        },
        {
            "id": 77,
            "image_id": 21,
            "category_id": 1,
            "bbox": [
                0,
                327,
                62,
                82
            ],
            "area": 5084,
            "segmentation": [],
            "iscrowd": 0
        },
        {
            "id": 78,
            "image_id": 22,
            "category_id": 1,
            "bbox": [
                79,
                42,
                205,
                346.5
            ],
            "area": 71032.5,
            "segmentation": [],
            "iscrowd": 0
        },
        {
            "id": 79,
            "image_id": 23,
            "category_id": 1,
            "bbox": [
                183,
                121,
                232.5,
                195.5
            ],
            "area": 45453.75,
            "segmentation": [],
            "iscrowd": 0
        },
        {
            "id": 80,
            "image_id": 23,
            "category_id": 1,
            "bbox": [
                247,
                206,
                168.5,
                114.5
            ],
            "area": 19293.25,
            "segmentation": [],
            "iscrowd": 0
        },
        {
            "id": 81,
            "image_id": 23,
            "category_id": 1,
            "bbox": [
                4,
                196,
                195.5,
                220
            ],
            "area": 43010,
            "segmentation": [],
            "iscrowd": 0
        },
        {
            "id": 82,
            "image_id": 23,
            "category_id": 1,
            "bbox": [
                0,
                210,
                41,
                205
            ],
            "area": 8405,
            "segmentation": [],
            "iscrowd": 0
        },
        {
            "id": 83,
            "image_id": 23,
            "category_id": 1,
            "bbox": [
                83,
                301,
                311.5,
                115
            ],
            "area": 35822.5,
            "segmentation": [],
            "iscrowd": 0
        },
        {
            "id": 84,
            "image_id": 23,
            "category_id": 1,
            "bbox": [
                143,
                88,
                172,
                127.5
            ],
            "area": 21930,
            "segmentation": [],
            "iscrowd": 0
        },
        {
            "id": 85,
            "image_id": 23,
            "category_id": 1,
            "bbox": [
                155,
                139,
                122,
                147
            ],
            "area": 17934,
            "segmentation": [],
            "iscrowd": 0
        },
        {
            "id": 86,
            "image_id": 23,
            "category_id": 1,
            "bbox": [
                361,
                95,
                55,
                84
            ],
            "area": 4620,
            "segmentation": [],
            "iscrowd": 0
        },
        {
            "id": 87,
            "image_id": 23,
            "category_id": 1,
            "bbox": [
                304,
                56,
                110,
                103
            ],
            "area": 11330,
            "segmentation": [],
            "iscrowd": 0
        },
        {
            "id": 88,
            "image_id": 23,
            "category_id": 1,
            "bbox": [
                160,
                45,
                143.5,
                109.5
            ],
            "area": 15713.25,
            "segmentation": [],
            "iscrowd": 0
        },
        {
            "id": 89,
            "image_id": 23,
            "category_id": 1,
            "bbox": [
                197,
                15,
                121.5,
                84.5
            ],
            "area": 10266.75,
            "segmentation": [],
            "iscrowd": 0
        },
        {
            "id": 90,
            "image_id": 23,
            "category_id": 1,
            "bbox": [
                80,
                20,
                96,
                45
            ],
            "area": 4320,
            "segmentation": [],
            "iscrowd": 0
        },
        {
            "id": 91,
            "image_id": 23,
            "category_id": 1,
            "bbox": [
                0,
                111,
                94.5,
                132
            ],
            "area": 12474,
            "segmentation": [],
            "iscrowd": 0
        },
        {
            "id": 92,
            "image_id": 23,
            "category_id": 1,
            "bbox": [
                22,
                63,
                72,
                73
            ],
            "area": 5256,
            "segmentation": [],
            "iscrowd": 0
        },
        {
            "id": 93,
            "image_id": 23,
            "category_id": 1,
            "bbox": [
                0,
                31,
                47.5,
                83.5
            ],
            "area": 3966.25,
            "segmentation": [],
            "iscrowd": 0
        },
        {
            "id": 94,
            "image_id": 24,
            "category_id": 1,
            "bbox": [
                125,
                67,
                167.5,
                245
            ],
            "area": 41037.5,
            "segmentation": [],
            "iscrowd": 0
        },
        {
            "id": 95,
            "image_id": 24,
            "category_id": 1,
            "bbox": [
                253,
                114,
                100.5,
                181
            ],
            "area": 18190.5,
            "segmentation": [],
            "iscrowd": 0
        },
        {
            "id": 96,
            "image_id": 24,
            "category_id": 1,
            "bbox": [
                112,
                127,
                55.5,
                122.5
            ],
            "area": 6798.75,
            "segmentation": [],
            "iscrowd": 0
        },
        {
            "id": 97,
            "image_id": 25,
            "category_id": 1,
            "bbox": [
                110,
                90,
                27.5,
                33.5
            ],
            "area": 921.25,
            "segmentation": [],
            "iscrowd": 0
        },
        {
            "id": 98,
            "image_id": 25,
            "category_id": 1,
            "bbox": [
                120,
                106,
                29,
                25
            ],
            "area": 725,
            "segmentation": [],
            "iscrowd": 0
        },
        {
            "id": 99,
            "image_id": 25,
            "category_id": 1,
            "bbox": [
                223,
                3,
                71.5,
                74.5
            ],
            "area": 5326.75,
            "segmentation": [],
            "iscrowd": 0
        },
        {
            "id": 100,
            "image_id": 25,
            "category_id": 1,
            "bbox": [
                278,
                7,
                51,
                73.5
            ],
            "area": 3748.5,
            "segmentation": [],
            "iscrowd": 0
        },
        {
            "id": 101,
            "image_id": 25,
            "category_id": 1,
            "bbox": [
                306,
                37,
                48,
                58.5
            ],
            "area": 2808,
            "segmentation": [],
            "iscrowd": 0
        },
        {
            "id": 102,
            "image_id": 25,
            "category_id": 1,
            "bbox": [
                300,
                75,
                50,
                52
            ],
            "area": 2600,
            "segmentation": [],
            "iscrowd": 0
        },
        {
            "id": 103,
            "image_id": 25,
            "category_id": 1,
            "bbox": [
                275,
                99,
                42,
                39
            ],
            "area": 1638,
            "segmentation": [],
            "iscrowd": 0
        },
        {
            "id": 104,
            "image_id": 25,
            "category_id": 1,
            "bbox": [
                268,
                72,
                39,
                38
            ],
            "area": 1482,
            "segmentation": [],
            "iscrowd": 0
        },
        {
            "id": 105,
            "image_id": 25,
            "category_id": 1,
            "bbox": [
                230,
                58,
                51,
                40.5
            ],
            "area": 2065.5,
            "segmentation": [],
            "iscrowd": 0
        },
        {
            "id": 106,
            "image_id": 25,
            "category_id": 1,
            "bbox": [
                184,
                9,
                56.5,
                64
            ],
            "area": 3616,
            "segmentation": [],
            "iscrowd": 0
        },
        {
            "id": 107,
            "image_id": 25,
            "category_id": 1,
            "bbox": [
                192,
                60,
                47,
                32
            ],
            "area": 1504,
            "segmentation": [],
            "iscrowd": 0
        },
        {
            "id": 108,
            "image_id": 25,
            "category_id": 1,
            "bbox": [
                231,
                89,
                50.5,
                40.5
            ],
            "area": 2045.25,
            "segmentation": [],
            "iscrowd": 0
        },
        {
            "id": 109,
            "image_id": 25,
            "category_id": 1,
            "bbox": [
                202,
                77,
                40.5,
                33.5
            ],
            "area": 1356.75,
            "segmentation": [],
            "iscrowd": 0
        },
        {
            "id": 110,
            "image_id": 25,
            "category_id": 1,
            "bbox": [
                159,
                64,
                57,
                56
            ],
            "area": 3192,
            "segmentation": [],
            "iscrowd": 0
        },
        {
            "id": 111,
            "image_id": 26,
            "category_id": 1,
            "bbox": [
                242,
                130,
                77,
                132.5
            ],
            "area": 10202.5,
            "segmentation": [],
            "iscrowd": 0
        },
        {
            "id": 112,
            "image_id": 26,
            "category_id": 1,
            "bbox": [
                297,
                39,
                94.5,
                152.5
            ],
            "area": 14411.25,
            "segmentation": [],
            "iscrowd": 0
        },
        {
            "id": 113,
            "image_id": 26,
            "category_id": 1,
            "bbox": [
                232,
                0,
                69.5,
                103.5
            ],
            "area": 7193.25,
            "segmentation": [],
            "iscrowd": 0
        },
        {
            "id": 114,
            "image_id": 26,
            "category_id": 1,
            "bbox": [
                292,
                0,
                83.5,
                86
            ],
            "area": 7181,
            "segmentation": [],
            "iscrowd": 0
        },
        {
            "id": 115,
            "image_id": 26,
            "category_id": 1,
            "bbox": [
                141,
                0,
                67,
                99
            ],
            "area": 6633,
            "segmentation": [],
            "iscrowd": 0
        },
        {
            "id": 116,
            "image_id": 26,
            "category_id": 1,
            "bbox": [
                132,
                69,
                62,
                89.5
            ],
            "area": 5549,
            "segmentation": [],
            "iscrowd": 0
        },
        {
            "id": 117,
            "image_id": 26,
            "category_id": 1,
            "bbox": [
                90,
                28,
                63.5,
                119
            ],
            "area": 7556.5,
            "segmentation": [],
            "iscrowd": 0
        },
        {
            "id": 118,
            "image_id": 26,
            "category_id": 1,
            "bbox": [
                24,
                46,
                79,
                125
            ],
            "area": 9875,
            "segmentation": [],
            "iscrowd": 0
        },
        {
            "id": 119,
            "image_id": 26,
            "category_id": 1,
            "bbox": [
                68,
                0,
                58,
                70
            ],
            "area": 4060,
            "segmentation": [],
            "iscrowd": 0
        },
        {
            "id": 120,
            "image_id": 26,
            "category_id": 1,
            "bbox": [
                40,
                193,
                78.5,
                111
            ],
            "area": 8713.5,
            "segmentation": [],
            "iscrowd": 0
        },
        {
            "id": 121,
            "image_id": 26,
            "category_id": 1,
            "bbox": [
                61,
                146,
                73,
                93
            ],
            "area": 6789,
            "segmentation": [],
            "iscrowd": 0
        },
        {
            "id": 122,
            "image_id": 26,
            "category_id": 1,
            "bbox": [
                2,
                111,
                58.5,
                138.5
            ],
            "area": 8102.25,
            "segmentation": [],
            "iscrowd": 0
        },
        {
            "id": 123,
            "image_id": 26,
            "category_id": 1,
            "bbox": [
                129,
                158,
                24.5,
                63
            ],
            "area": 1543.5,
            "segmentation": [],
            "iscrowd": 0
        },
        {
            "id": 124,
            "image_id": 26,
            "category_id": 1,
            "bbox": [
                157,
                265,
                81,
                116
            ],
            "area": 9396,
            "segmentation": [],
            "iscrowd": 0
        },
        {
            "id": 125,
            "image_id": 26,
            "category_id": 1,
            "bbox": [
                98,
                248,
                76.5,
                112.5
            ],
            "area": 8606.25,
            "segmentation": [],
            "iscrowd": 0
        },
        {
            "id": 126,
            "image_id": 26,
            "category_id": 1,
            "bbox": [
                47,
                284,
                63,
                84
            ],
            "area": 5292,
            "segmentation": [],
            "iscrowd": 0
        },
        {
            "id": 127,
            "image_id": 26,
            "category_id": 1,
            "bbox": [
                279,
                362,
                101.5,
                54
            ],
            "area": 5481,
            "segmentation": [],
            "iscrowd": 0
        },
        {
            "id": 128,
            "image_id": 26,
            "category_id": 1,
            "bbox": [
                294,
                310,
                81.5,
                93.5
            ],
            "area": 7620.25,
            "segmentation": [],
            "iscrowd": 0
        },
        {
            "id": 129,
            "image_id": 26,
            "category_id": 1,
            "bbox": [
                296,
                243,
                82.5,
                108.5
            ],
            "area": 8951.25,
            "segmentation": [],
            "iscrowd": 0
        },
        {
            "id": 130,
            "image_id": 26,
            "category_id": 1,
            "bbox": [
                324,
                158,
                86.5,
                125
            ],
            "area": 10812.5,
            "segmentation": [],
            "iscrowd": 0
        },
        {
            "id": 131,
            "image_id": 26,
            "category_id": 1,
            "bbox": [
                89,
                121,
                60,
                67.5
            ],
            "area": 4050,
            "segmentation": [],
            "iscrowd": 0
        },
        {
            "id": 132,
            "image_id": 27,
            "category_id": 1,
            "bbox": [
                114,
                132,
                47,
                85.5
            ],
            "area": 4018.5,
            "segmentation": [],
            "iscrowd": 0
        },
        {
            "id": 133,
            "image_id": 27,
            "category_id": 1,
            "bbox": [
                187,
                46,
                52,
                83
            ],
            "area": 4316,
            "segmentation": [],
            "iscrowd": 0
        },
        {
            "id": 134,
            "image_id": 27,
            "category_id": 1,
            "bbox": [
                211,
                175,
                49,
                84.5
            ],
            "area": 4140.5,
            "segmentation": [],
            "iscrowd": 0
        },
        {
            "id": 135,
            "image_id": 27,
            "category_id": 1,
            "bbox": [
                202,
                112,
                43.5,
                64
            ],
            "area": 2784,
            "segmentation": [],
            "iscrowd": 0
        },
        {
            "id": 136,
            "image_id": 27,
            "category_id": 1,
            "bbox": [
                156,
                115,
                47,
                79.5
            ],
            "area": 3736.5,
            "segmentation": [],
            "iscrowd": 0
        },
        {
            "id": 137,
            "image_id": 27,
            "category_id": 1,
            "bbox": [
                161,
                197,
                45.5,
                72
            ],
            "area": 3276,
            "segmentation": [],
            "iscrowd": 0
        },
        {
            "id": 138,
            "image_id": 28,
            "category_id": 1,
            "bbox": [
                24,
                33,
                139.5,
                253
            ],
            "area": 35293.5,
            "segmentation": [],
            "iscrowd": 0
        },
        {
            "id": 139,
            "image_id": 29,
            "category_id": 1,
            "bbox": [
                379,
                125,
                36.5,
                48
            ],
            "area": 1752,
            "segmentation": [],
            "iscrowd": 0
        },
        {
            "id": 140,
            "image_id": 30,
            "category_id": 1,
            "bbox": [
                117,
                8,
                50.5,
                46.5
            ],
            "area": 2348.25,
            "segmentation": [],
            "iscrowd": 0
        },
        {
            "id": 141,
            "image_id": 30,
            "category_id": 1,
            "bbox": [
                178,
                6,
                54,
                47.5
            ],
            "area": 2565,
            "segmentation": [],
            "iscrowd": 0
        },
        {
            "id": 142,
            "image_id": 30,
            "category_id": 1,
            "bbox": [
                358,
                66,
                58,
                61.5
            ],
            "area": 3567,
            "segmentation": [],
            "iscrowd": 0
        },
        {
            "id": 143,
            "image_id": 31,
            "category_id": 1,
            "bbox": [
                196,
                3,
                168,
                282
            ],
            "area": 47376,
            "segmentation": [],
            "iscrowd": 0
        },
        {
            "id": 144,
            "image_id": 32,
            "category_id": 1,
            "bbox": [
                176,
                3,
                218,
                316
            ],
            "area": 68888,
            "segmentation": [],
            "iscrowd": 0
        },
        {
            "id": 145,
            "image_id": 32,
            "category_id": 1,
            "bbox": [
                52,
                186,
                194.5,
                230
            ],
            "area": 44735,
            "segmentation": [],
            "iscrowd": 0
        },
        {
            "id": 146,
            "image_id": 33,
            "category_id": 1,
            "bbox": [
                174,
                142,
                102.5,
                76
            ],
            "area": 7790,
            "segmentation": [],
            "iscrowd": 0
        },
        {
            "id": 147,
            "image_id": 33,
            "category_id": 1,
            "bbox": [
                168,
                236,
                83,
                52
            ],
            "area": 4316,
            "segmentation": [],
            "iscrowd": 0
        },
        {
            "id": 148,
            "image_id": 33,
            "category_id": 1,
            "bbox": [
                184,
                276,
                72,
                57
            ],
            "area": 4104,
            "segmentation": [],
            "iscrowd": 0
        },
        {
            "id": 149,
            "image_id": 34,
            "category_id": 1,
            "bbox": [
                107,
                75,
                201.5,
                229.5
            ],
            "area": 46244.25,
            "segmentation": [],
            "iscrowd": 0
        },
        {
            "id": 150,
            "image_id": 34,
            "category_id": 1,
            "bbox": [
                0,
                189,
                169,
                226
            ],
            "area": 38194,
            "segmentation": [],
            "iscrowd": 0
        },
        {
            "id": 151,
            "image_id": 34,
            "category_id": 1,
            "bbox": [
                219,
                193,
                135.5,
                213
            ],
            "area": 28861.5,
            "segmentation": [],
            "iscrowd": 0
        },
        {
            "id": 152,
            "image_id": 34,
            "category_id": 1,
            "bbox": [
                179,
                296,
                77,
                120
            ],
            "area": 9240,
            "segmentation": [],
            "iscrowd": 0
        },
        {
            "id": 153,
            "image_id": 35,
            "category_id": 1,
            "bbox": [
                193,
                124,
                176.5,
                194.5
            ],
            "area": 34329.25,
            "segmentation": [],
            "iscrowd": 0
        },
        {
            "id": 154,
            "image_id": 35,
            "category_id": 1,
            "bbox": [
                235,
                17,
                149.5,
                141
            ],
            "area": 21079.5,
            "segmentation": [],
            "iscrowd": 0
        },
        {
            "id": 155,
            "image_id": 35,
            "category_id": 1,
            "bbox": [
                97,
                59,
                156.5,
                174
            ],
            "area": 27231,
            "segmentation": [],
            "iscrowd": 0
        },
        {
            "id": 156,
            "image_id": 35,
            "category_id": 1,
            "bbox": [
                27,
                172,
                175.5,
                212.5
            ],
            "area": 37293.75,
            "segmentation": [],
            "iscrowd": 0
        },
        {
            "id": 157,
            "image_id": 36,
            "category_id": 1,
            "bbox": [
                111,
                92,
                146,
                270
            ],
            "area": 39420,
            "segmentation": [],
            "iscrowd": 0
        },
        {
            "id": 158,
            "image_id": 36,
            "category_id": 1,
            "bbox": [
                77,
                247,
                57,
                88.5
            ],
            "area": 5044.5,
            "segmentation": [],
            "iscrowd": 0
        },
        {
            "id": 159,
            "image_id": 36,
            "category_id": 1,
            "bbox": [
                41,
                246,
                55,
                88
            ],
            "area": 4840,
            "segmentation": [],
            "iscrowd": 0
        },
        {
            "id": 160,
            "image_id": 36,
            "category_id": 1,
            "bbox": [
                91,
                269,
                36.5,
                77
            ],
            "area": 2810.5,
            "segmentation": [],
            "iscrowd": 0
        },
        {
            "id": 161,
            "image_id": 36,
            "category_id": 1,
            "bbox": [
                152,
                285,
                172.5,
                130.5
            ],
            "area": 22511.25,
            "segmentation": [],
            "iscrowd": 0
        },
        {
            "id": 162,
            "image_id": 37,
            "category_id": 1,
            "bbox": [
                21,
                220,
                336.5,
                196
            ],
            "area": 65954,
            "segmentation": [],
            "iscrowd": 0
        },
        {
            "id": 163,
            "image_id": 37,
            "category_id": 1,
            "bbox": [
                340,
                209,
                75.5,
                196.5
            ],
            "area": 14835.75,
            "segmentation": [],
            "iscrowd": 0
        },
        {
            "id": 164,
            "image_id": 38,
            "category_id": 1,
            "bbox": [
                70,
                26,
                104,
                151.5
            ],
            "area": 15756,
            "segmentation": [],
            "iscrowd": 0
        },
        {
            "id": 165,
            "image_id": 39,
            "category_id": 1,
            "bbox": [
                135,
                82,
                263,
                333.5
            ],
            "area": 87710.5,
            "segmentation": [],
            "iscrowd": 0
        },
        {
            "id": 166,
            "image_id": 39,
            "category_id": 1,
            "bbox": [
                234,
                0,
                181,
                214
            ],
            "area": 38734,
            "segmentation": [],
            "iscrowd": 0
        },
        {
            "id": 167,
            "image_id": 40,
            "category_id": 1,
            "bbox": [
                294,
                104,
                83,
                61
            ],
            "area": 5063,
            "segmentation": [],
            "iscrowd": 0
        },
        {
            "id": 168,
            "image_id": 41,
            "category_id": 1,
            "bbox": [
                0,
                26,
                217.5,
                215
            ],
            "area": 46762.5,
            "segmentation": [],
            "iscrowd": 0
        }
    ]
}